[{
	"name": "name",
	"title": "Name",
	"required": true,
	"type": {
		"view": "input"
	}
},
{
	"name": "sla",
	"title": "SLA",
	"type": {
		"view": "select",
		"options": [{
			"id": 0,
			"name": "BigCity"
		},
		{
			"id": 1,
			"name": "SmallCity"
		}]
	}
},
{
	"name": "country",
	"title": "Country",
	"type": {
		"view": "select",
		"options": [{
			"id": 0,
			"name": "USA"
		},
		{
			"id": 1,
			"name": "German"
		},
		{
			"id": 2,
			"name": "Russia"
		}]
	}
},
{
	"name": "licenceAgreement",
	"title": "LicenceAgreement",
	"type": {
		"view": "checkbox"
	}
},
{
	"name": "description",
	"title": "Description",
	"type": {
		"view": "textarea"
	}
}]